Rank,Peak,PlayerName,School,Position,RankingDateString,Projection,ProjectedTeam,State,Conference,ProjectedPoints
1,1,Will Anderson Jr.,Alabama,EDGE,2022-11-02,2,HOUSTON TEXANS,Alabama,SEC,35
2,1,C.J. Stroud,Ohio State,QB,2022-11-02,1,DETROIT LIONS,Ohio,Big Ten,35
3,3,Myles Murphy,Clemson,EDGE,2022-11-02,7,TAMPA BAY BUCCANEERS,South Carolina,ACC,35
4,1,Bryce Young,Alabama,QB,2022-11-02,3,CAROLINA PANTHERS,Alabama,SEC,35
5,3,Jalen Carter,Georgia,DL,2022-11-02,4,PITTSBURGH STEELERS,Georgia,SEC,35
6,6,Will Levis,Kentucky,QB,2022-11-02,15,INDIANAPOLIS COLTS,Kentucky,SEC,35
7,4,Jaxon Smith-Njigba,Ohio State,WR,2022-11-02,9,HOUSTON TEXANS,Ohio,Big Ten,35
8,8,Quentin Johnston,TCU,WR,2022-11-02,10,SEATTLE SEAHAWKS,Texas,Big 12,35
9,9,Peter Skoronski,Northwestern,OT,2022-11-02,6,LAS VEGAS RAIDERS,Illinois,Big Ten,35
10,3,Bijan Robinson,Texas,RB,2022-11-02,25,KANSAS CITY CHIEFS,Texas,Big 12,35
11,11,Cam Smith,South Carolina,CB,2022-11-02,First Round,,South Carolina,SEC,30
12,6,Bryan Bresee,Clemson,DL,2022-11-02,5,JACKSONVILLE JAGUARS,South Carolina,ACC,30
13,8,Jordan Addison,USC,WR,2022-11-02,13,GREEN BAY PACKERS,California,Pac 12,30
14,2,Kelee Ringo,Georgia,CB,2022-11-02,31,PHILADELPHIA EAGLES,Georgia,SEC,30
15,13,Joey Porter Jr.,Penn State,CB,2022-11-02,11,ARIZONA CARDINALS,Pennsylvania,Big Ten,30
16,9,Michael Mayer,Notre Dame,TE,2022-11-02,17,NEW ENGLAND PATRIOTS,Indiana,FBS - Independent,30
17,7,Paris Johnson Jr.,Ohio State,OT,2022-11-02,20,DENVER BRONCOS,Ohio,Big Ten,30
18,13,Isaiah Foskey,Notre Dame,EDGE,2022-11-02,19,ATLANTA FALCONS,Indiana,FBS - Independent,30
19,6,Kayshon Boutte,LSU,WR,2022-11-02,33,HOUSTON TEXANS,Louisiana,SEC,30
20,19,Tyree Wilson,Texas Tech,DL,2022-11-02,28,TENNESSEE TITANS,Texas,Big 12,30
21,9,Antonio Johnson,Texas A&M,S,2022-11-02,First Round,,Texas,SEC,30
22,11,Jahmyr Gibbs,Alabama,RB,2022-11-02,30,BUFFALO BILLS,Alabama,SEC,30
23,23,B.J. Ojulari,LSU,EDGE,2022-11-02,29,MINNESOTA VIKINGS,Louisiana,SEC,30
24,24,Clark Phillips III,Utah,CB,2022-11-02,24,BALTIMORE RAVENS,Utah,Pac 12,30
25,24,Felix Anudike-Uzomah,Kansas State,EDGE,2022-11-02,32,DETROIT LIONS,Kansas,Big 12,30
26,25,Andre Carter II,Army,EDGE,2022-11-02,40,SEATTLE SEAHAWKS,Kansas,FBS - Independent,25
27,18,Anthony Richardson,Florida,QB,2022-11-02,46,INDIANAPOLIS COLTS,Florida,SEC,25
28,12,Noah Sewell,Oregon,LB,2022-11-02,First Round,,Oregon,Pac 12,25
29,13,Nolan Smith,Georgia,EDGE,2022-11-02,First Round,,Georgia,SEC,25
30,29,Siaki Ika,Baylor,DL,2022-11-02,42,PITTSBURGH STEELERS,Texas,Big 12,25
31,27,Gervon Dexter,Florida,DL,2022-11-02,8,PHILADELPHIA EAGLES,Florida,SEC,25
32,32,Jared Verse,Florida State,EDGE,2022-11-02,41,ARIZONA CARDINALS,Florida,ACC,25
33,33,Anton Harrison,Oklahoma,OT,2022-11-02,43,GREEN BAY PACKERS,Oklahoma,Big 12,25
34,29,Brian Branch,Alabama,S,2022-11-02,First Round,,Alabama,SEC,25
35,15,Trenton Simpson,Clemson,LB,2022-11-02,16,CINCINNATI BENGALS,South Carolina,ACC,25
36,23,Zach Evans,Ole Miss,RB,2022-11-02,54,MIAMI DOLPHINS,Mississippi,SEC,20
37,37,Devon Witherspoon,Illinois,CB,2022-11-02,59,DALLAS COWBOYS,Illinois,Big Ten,20
38,31,Olumuyiwa Fashanu,Penn State,OT,2022-11-02,12,CHICAGO BEARS,Pennsylvania,Big Ten,20
39,39,Jaylon Jones,Texas A&M,CB,2022-11-02,21,LOS ANGELES CHARGERS,Texas,SEC,20
40,40,Emmanuel Forbes,Mississippi State,CB,2022-11-02,60,TENNESSEE TITANS,Mississippi,SEC,20
41,26,Will McDonald IV,Iowa State,DL,2022-11-02,56,CHICAGO BEARS,Iowa,Big 12,20
42,23,Broderick Jones,Georgia,OT,2022-11-02,First Round,,Georgia,SEC,20
43,43,Jaren Hall,BYU,QB,2022-11-02,First Round,,Utah,FBS - Independent,20
44,23,Josh Downs,North Carolina,WR,2022-11-02,34,PITTSBURGH STEELERS,North Carolina,ACC,20
45,44,Jarrett Patterson,Notre Dame,IOL,2022-11-02,First Round,,Indiana,FBS - Independent,20
46,7,Tyler Van Dyke,Miami (FL),QB,2022-11-02,First Round,,Florida,ACC,20
47,32,Zion Nelson,Miami (FL),OT,2022-11-02,First Round,,Florida,ACC,20
48,48,Kenny McIntosh,Georgia,RB,2022-11-02,First Round,,Georgia,SEC,20
49,37,Malachi Moore,Alabama,S,2022-11-02,61,DETROIT LIONS,Alabama,SEC,20
50,26,Jaelyn Duncan,Maryland,OT,2022-11-02,23,NEW YORK JETS,Maryland,Big Ten,20
51,39,Darnell Washington,Georgia,TE,2022-11-02,38,NEW ORLEANS SAINTS,Georgia,SEC,20
52,43,Zach Charbonnet,UCLA,RB,2022-11-02,First Round,,California,Pac 12,20
53,48,Dontay Demus Jr.,Maryland,WR,2022-11-02,First Round,,Maryland,Big Ten,20
54,28,Garrett Williams,Syracuse,CB,2022-11-02,First Round,,New York,ACC,20
55,23,Henry To'oto'o,Alabama,LB,2022-11-02,39,CLEVELAND BROWNS,Alabama,SEC,20
56,19,Jordan Battle,Alabama,S,2022-11-02,44,TAMPA BAY BUCCANEERS,Alabama,SEC,20
57,57,Dontayvion Wicks,Virginia,WR,2022-11-02,First Round,,Virginia,ACC,20
58,35,Hendon Hooker,Tennessee,QB,2022-11-02,22,SEATTLE SEAHAWKS,Tennessee,SEC,20
59,37,O'Cyrus Torrence,Florida,IOL,2022-11-02,37,LAS VEGAS RAIDERS,Florida,SEC,20
60,37,Habakkuk Baldonado,Pitt,EDGE,2022-11-02,First Round,,Pennsylvania,ACC,15
61,61,Rashad Torrence II,Florida,S,2022-11-02,First Round,,Florida,SEC,15
62,62,Storm Duck,North Carolina,CB,2022-11-02,First Round,,North Carolina,ACC,15
63,63,Steve Avila,TCU,IOL,2022-11-02,First Round,,Texas,Big 12,15
64,25,Christian Gonzalez,Oregon,CB,2022-11-02,First Round,,Oregon,Pac 12,15
65,65,Michael Penix Jr.,Washington,QB,2022-11-02,,,Washington,Pac 12,15
66,9,Eli Ricks,Alabama,CB,2022-11-02,45,LOS ANGELES RAMS,Alabama,SEC,15
67,67,Jammie Robinson,Florida State,S,2022-11-02,,,Florida,ACC,15
68,41,Deuce Vaughn,Kansas State,RB,2022-11-02,,,Kansas,Big 12,15
69,48,Drew Sanders,Arkansas,LB,2022-11-02,14,DETROIT LIONS,Arkansas,SEC,15
70,34,Cedric Tillman,Tennessee,WR,2022-11-02,,,Tennessee,SEC,15
71,71,DeMarvion Overshown,Texas,LB,2022-11-02,,,Texas,Big 12,10
72,55,K.J. Jefferson,Arkansas,QB,2022-11-02,,,Arkansas,SEC,10
73,31,Sean Tucker,Syracuse,RB,2022-11-02,,,New York,ACC,10
74,74,Nick Broeker,Ole Miss,OT,2022-11-02,,,Mississippi,SEC,10
75,25,Brandon Joseph,Notre Dame,S,2022-11-02,53,NEW YORK JETS,Indiana,FBS - Independent,10
76,30,Tank Bigsby,Auburn,RB,2022-11-02,,,Alabama,SEC,10
77,49,Rashee Rice,SMU,WR,2022-11-02,26,DALLAS COWBOYS,Texas,FBS - AAC,10
78,54,John Michael Schmitz,Minnesota,IOL,2022-11-02,49,CINCINNATI BENGALS,Minnesota,Big Ten,10
79,42,J.L. Skinner,Boise State,S,2022-11-02,,,Idaho,FBS - Mountain West,10
80,80,Josh Proctor,Ohio State,S,2022-11-02,,,Ohio,Big Ten,10
81,38,Jack Campbell,Iowa,LB,2022-11-02,,,Iowa,Big Ten,10
82,50,Dawand Jones,Ohio State,OT,2022-11-02,,,Ohio,Big Ten,10
83,83,Wanya Morris,Oklahoma,OT,2022-11-02,,,Oklahoma,Big 12,10
84,38,Zay Flowers,Boston College,WR,2022-11-02,,,Massachusetts,ACC,10
85,38,A.T. Perry,Wake Forest,WR,2022-11-02,,,North Carolina,ACC,10
86,49,Jaquelin Roy,LSU,DL,2022-11-02,51,ATLANTA FALCONS,Louisiana,SEC,10
87,43,Matthew Bergeron,Syracuse,OT,2022-11-02,,,New York,ACC,10
88,24,Derick Hall,Auburn,EDGE,2022-11-02,48,WASHINGTON COMMANDERS,Alabama,SEC,10
89,42,Tanner McKee,Stanford,QB,2022-11-02,58,NEW YORK GIANTS,California,Pac 12,10
90,74,Luke Musgrave,Oregon State,TE,2022-11-02,,,Oregon,Pac 12,10
91,34,Andrew Vorhees,USC,IOL,2022-11-02,62,BUFFALO BILLS,California,Pac 12,10
92,36,Marvin Mims,Oklahoma,WR,2022-11-02,,,Oklahoma,Big 12,10
93,68,Tuli Tuipulotu,USC,DL,2022-11-02,,,California,Pac 12,10
94,70,Dalton Kincaid,Utah,TE,2022-11-02,64,DETROIT LIONS,Utah,Pac 12,10
95,24,Zach Harrison,Ohio State,EDGE,2022-11-02,52,LOS ANGELES CHARGERS,Ohio,Big Ten,10
96,55,Kyu Blu Kelly,Stanford,CB,2022-11-02,,,California,Pac 12,10
97,53,Sedrick Van Pran,Georgia,IOL,2022-11-02,,,Georgia,SEC,10
98,50,Tre'Vius Hodges-Tomlinson,TCU,CB,2022-11-02,,,Texas,Big 12,10
99,72,Byron Young,Alabama,DL,2022-11-02,,,Alabama,SEC,10
100,35,Rakim Jarrett,Maryland,WR,2022-11-02,,,Maryland,Big Ten,10
101,45,Sam LaPorta,Iowa,TE,2022-11-02,,,Iowa,Big Ten,8
102,82,Owen Pappoe,Auburn,LB,2022-11-02,,,Alabama,SEC,8
103,56,Blake Freeland,BYU,OT,2022-11-02,57,KANSAS CITY CHIEFS,Utah,FBS - Independent,8
104,45,Tyrique Stevenson,Miami (FL),CB,2022-11-02,,,Florida,ACC,8
105,50,Cooper Beebe,Kansas State,OT,2022-11-02,,,Kansas,Big 12,8
106,30,Devon Achane,Texas A&M,RB,2022-11-02,,,Texas,SEC,8
107,68,Chris Smith II,Georgia,S,2022-11-02,,,Georgia,SEC,8
108,92,D.J. Turner,Michigan,CB,2022-11-02,27,NEW YORK GIANTS,Michigan,Big Ten,8
109,66,Brenton Cox Jr.,Florida,EDGE,2022-11-02,,,Florida,SEC,8
110,73,Mazi Smith,Michigan,DL,2022-11-02,,,Michigan,Big Ten,8
111,43,Blake Corum,Michigan,RB,2022-11-02,,,Michigan,Big Ten,8
112,55,Kris Abrams-Draine,Missouri,CB,2022-11-02,,,Missouri,SEC,8
113,62,Tony Grimes,North Carolina,CB,2022-11-02,,,North Carolina,ACC,8
114,58,Colby Wooden,Auburn,DL,2022-11-02,,,Alabama,SEC,8
115,27,Zacch Pickens,South Carolina,DL,2022-11-02,,,South Carolina,SEC,8
116,94,Tykee Smith,Georgia,S,2022-11-02,,,Georgia,SEC,8
117,79,Adetomiwa Adebawore,Northwestern,EDGE,2022-11-02,,,Illinois,Big Ten,8
118,32,Calijah Kancey,Pitt,DL,2022-11-02,,,Pennsylvania,ACC,8
119,117,Mike Morris,Michigan,DL,2022-11-02,18,WASHINGTON COMMANDERS,Michigan,Big Ten,8
120,83,Jacob Cowing,Arizona,WR,2022-11-02,,,Arizona,Pac 12,8
121,42,Jaheim Bell,South Carolina,TE,2022-11-02,,,South Carolina,SEC,7
122,28,Darnell Wright,Tennessee,OT,2022-11-02,,,Tennessee,SEC,7
123,44,Tyler Davis,Clemson,DL,2022-11-02,,,South Carolina,ACC,7
124,49,Emil Ekiyor Jr.,Alabama,IOL,2022-11-02,,,Alabama,SEC,7
125,125,Jordan Morgan,Arizona,OT,2022-11-02,,,Arizona,Pac 12,7
126,70,Tucker Kraft,South Dakota State,TE,2022-11-02,,,South Dakota,FCS,7
127,36,Layden Robinson,Texas A&M,IOL,2022-11-02,,,Texas,SEC,7
128,44,Zion Tupuola-Fetui,Washington,EDGE,2022-11-02,,,Washington,Pac 12,7
129,64,Noah Daniels,TCU,CB,2022-11-02,,,Texas,Big 12,7
130,61,K.J. Henry,Clemson,EDGE,2022-11-02,,,South Carolina,ACC,7
131,115,Jalin Hyatt,Tennessee,WR,2022-11-02,,,Tennessee,SEC,7
132,45,Parker Washington,Penn State,WR,2022-11-02,,,Pennsylvania,Big Ten,7
133,34,Cameron Ward,Washington State,QB,2022-11-02,,,Washington,Pac 12,7
134,89,Chase Brown,Illinois,RB,2022-11-02,,,Illinois,Big Ten,7
135,82,Xavier Hutchinson,Iowa State,WR,2022-11-02,,,Iowa,Big 12,7
136,50,Carter Warren,Pitt,OT,2022-11-02,,,Pennsylvania,ACC,7
137,118,Luke Wypler,Ohio State,IOL,2022-11-02,,,Ohio,Big Ten,7
138,115,Mekhi Garner,LSU,CB,2022-11-02,,,Louisiana,SEC,7
139,86,Daiyan Henley,Washington State,LB,2022-11-02,,,Washington,Pac 12,7
140,47,Mohamed Ibrahim,Minnesota,RB,2022-11-02,,,Minnesota,Big Ten,7
141,25,Jalen Catalon,Arkansas,S,2022-11-02,,,Arkansas,SEC,7
142,65,Akeem Dent,Florida State,S,2022-11-02,,,Florida,ACC,7
143,39,Jermaine Burton,Alabama,WR,2022-11-02,,,Alabama,SEC,7
144,59,Jaxson Kirkland,Washington,OT,2022-11-02,,,Washington,Pac 12,7
145,24,Arik Gilbert,Georgia,TE,2022-11-02,,,Georgia,SEC,7
146,67,Riley Moss,Iowa,CB,2022-11-02,,,Iowa,Big Ten,7
147,120,Jay Ward,LSU,S,2022-11-02,,,Louisiana,SEC,7
148,104,Trey Dean III,Florida,S,2022-11-02,,,Florida,SEC,7
149,122,DeWayne McBride,UAB,RB,2022-11-02,,,Alabama,FBS - CUSA,7
150,99,Cameron Latu,Alabama,TE,2022-11-02,,,Alabama,SEC,7
151,151,Clark Barrington,BYU,OT,2022-11-02,,,Utah,FBS - Independent,6
152,88,Ali Gaye,LSU,EDGE,2022-11-02,,,Louisiana,SEC,6
153,64,Nick Herbig,Wisconsin,LB,2022-11-02,,,Wisconsin,Big Ten,6
154,102,Charlie Jones,Purdue,WR,2022-11-02,,,Indiana,Big Ten,6
155,105,Miyan Williams,Ohio State,RB,2022-11-02,,,Ohio,Big Ten,6
156,107,Jacoby Windmon,Michigan State,LB,2022-11-02,,,Michigan,Big Ten,6
157,68,D.J. Uiagalelei,Clemson,QB,2022-11-02,,,South Carolina,ACC,6
158,120,Andrew Raym,Oklahoma,IOL,2022-11-02,,,Oklahoma,Big 12,6
159,109,Ventrell Miller,Florida,LB,2022-11-02,,,Florida,SEC,6
160,78,Javion Cohen,Alabama,IOL,2022-11-02,,,Alabama,SEC,6
161,86,Tavion Thomas,Utah,RB,2022-11-02,,,Utah,Pac 12,6
162,93,Keeanu Benton,Wisconsin,DL,2022-11-02,,,Wisconsin,Big Ten,6
163,163,Joe Tippmann,Wisconsin,OT,2022-11-02,,,Wisconsin,Big Ten,6
164,67,Justin Flowe,Oregon,LB,2022-11-02,,,Oregon,Pac 12,6
165,118,Ochaun Mathis,Nebraska,DL,2022-11-02,,,Nebraska,Big Ten,6
166,67,Kei'Trel Clark,Louisville,CB,2022-11-02,,,Kentucky,ACC,6
167,133,Cody Mauch,North Dakota State,OT,2022-11-02,,,North Dakota,FCS,6
168,82,Johnny Wilson,Florida State,WR,2022-11-02,,,Florida,ACC,6
169,71,Ronnie Hickman,Ohio State,S,2022-11-02,,,Ohio,Big Ten,6
170,124,Olusegun Oluwatimi,Michigan,IOL,2022-11-02,,,Michigan,Big Ten,6
171,72,Cade Stover,Ohio State,TE,2022-11-02,,,Ohio,Big Ten,6
172,149,Josh Whyle,Cincinnati,TE,2022-11-02,,,Ohio,FBS - AAC,6
173,129,Ruke Orhorhoro,Clemson,DL,2022-11-02,,,South Carolina,ACC,6
174,137,Tyler Batty,BYU,DL,2022-11-02,,,Utah,FBS - Independent,6
175,126,Ivan Pace Jr.,Cincinnati,LB,2022-11-02,,,Ohio,FBS - AAC,6
176,75,Ricky Stromberg,Arkansas,IOL,2022-11-02,,,Arkansas,SEC,6
177,75,Brandon Dorlus,Oregon,DL,2022-11-02,,,Oregon,Pac 12,6
178,178,Gabe Hall,Baylor,DL,2022-11-02,,,Texas,Big 12,6
179,138,Will Mallory,Miami (FL),TE,2022-11-02,,,Florida,ACC,6
180,87,Tyler Harrell,Alabama,WR,2022-11-02,,,Alabama,SEC,6
181,50,Mitchell Tinsley,Penn State,WR,2022-11-02,,,Pennsylvania,Big Ten,5
182,31,Devin Leary,NC State,QB,2022-11-02,,,North Carolina,ACC,5
183,125,Zakhari Franklin,UTSA,WR,2022-11-02,,,Texas,FBS - CUSA,5
184,54,Chris Rodriguez Jr.,Kentucky,RB,2022-11-02,,,Kentucky,SEC,5
185,78,Jayden Reed,Michigan State,WR,2022-11-02,,,Michigan,Big Ten,5
186,145,Mohamoud Diabate,Utah,LB,2022-11-02,,,Utah,Pac 12,5
187,100,Nick Hampton,Appalachian State,EDGE,2022-11-02,,,North Carolina,FBS - Sun Belt,5
188,127,Cornelius Johnson,Michigan,WR,2022-11-02,,,Michigan,Big Ten,5
189,143,Tyler Lacy,Oklahoma State,DL,2022-11-02,,,Oklahoma,Big 12,5
190,109,Erick All,Michigan,TE,2022-11-02,,,Michigan,Big Ten,5
191,46,Robert Scott Jr.,Florida State,OT,2022-11-02,,,Florida,ACC,5
192,98,Aidan O'Connell,Purdue,QB,2022-11-02,,,Indiana,Big Ten,5
193,162,Elijah Higgins,Stanford,WR,2022-11-02,,,California,Pac 12,5
194,172,Demani Richardson,Texas A&M,S,2022-11-02,,,Texas,SEC,5
195,73,Xavier Thomas,Clemson,EDGE,2022-11-02,,,South Carolina,ACC,5
196,167,Tyler Steen,Alabama,OT,2022-11-02,,,Alabama,SEC,5
197,51,Will Rogers,Mississippi State,QB,2022-11-02,,,Mississippi,SEC,5
198,137,Adisa Isaac,Penn State,EDGE,2022-11-02,,,Pennsylvania,Big Ten,5
199,152,Zak Zinter,Michigan,OT,2022-11-02,,,Michigan,Big Ten,5
200,154,Jake Bobo,UCLA,WR,2022-11-02,,,California,Pac 12,5
201,89,Connor Galvin,Baylor,OT,2022-11-02,,,Texas,Big 12,5
202,192,Braeden Daniels,Utah,IOL,2022-11-02,,,Utah,Pac 12,5
203,118,Ryan Hayes,Michigan,OT,2022-11-02,,,Michigan,Big Ten,5
204,108,Christian Mahogany,Boston College,IOL,2022-11-02,,,Massachusetts,ACC,5
205,154,Eric Gray,Oklahoma,RB,2022-11-02,,,Oklahoma,Big 12,5
206,170,Israel Abanikanda,Pitt,RB,2022-11-02,,,Pennsylvania,ACC,5
207,107,Troy Brown,Ole Miss,LB,2022-11-02,,,Mississippi,SEC,5
208,57,Grayson McCall,Coastal Carolina,QB,2022-11-02,55,SEATTLE SEAHAWKS,South Carolina,FCS,5
209,200,Roschon Johnson,Texas,RB,2022-11-02,,,Texas,Big 12,5
210,134,Ainias Smith,Texas A&M,WR,2022-11-02,,,Texas,SEC,5
211,173,Rome Odunze,Washington,WR,2022-11-02,,,Washington,Pac 12,5
212,198,Richard Gouraige,Florida,OT,2022-11-02,,,Florida,SEC,5
213,194,Jestin Jacobs,Iowa,LB,2022-11-02,,,Iowa,Big Ten,5
214,167,Moro Ojomo,Texas,DL,2022-11-02,,,Texas,Big 12,5
215,174,Trey Palmer,Nebraska,WR,2022-11-02,,,Nebraska,Big Ten,5
216,196,Julius Brents,Kansas State,CB,2022-11-02,,,Kansas,Big 12,5
217,153,Jonathan Mingo,Ole Miss,WR,2022-11-02,,,Mississippi,SEC,5
218,166,Cam Hart,Notre Dame,CB,2022-11-02,,,Indiana,FBS - Independent,5
219,182,J.J. Weaver,Kentucky,LB,2022-11-02,,,Kentucky,SEC,5
220,204,Davis Allen,Clemson,TE,2022-11-02,,,South Carolina,ACC,5
221,189,Brenton Strange,Penn State,TE,2022-11-02,,,Pennsylvania,Big Ten,5
222,62,Bumper Pool,Arkansas,LB,2022-11-02,,,Arkansas,SEC,5
223,191,Henry Bainivalu,Washington,IOL,2022-11-02,,,Washington,Pac 12,5
224,127,Jalen McMillan,Washington,WR,2022-11-02,,,Washington,Pac 12,5
225,205,Darius Rush,South Carolina,CB,2022-11-02,,,South Carolina,SEC,5
226,193,Dylan Horton,TCU,DL,2022-11-02,,,Texas,Big 12,5
227,215,Nehemiah Pritchett,Auburn,CB,2022-11-02,,,Alabama,SEC,5
228,213,Cameron Mitchell,Northwestern,CB,2022-11-02,,,Illinois,Big Ten,5
229,62,Lathan Ransom,Ohio State,S,2022-11-02,,,Ohio,Big Ten,5
230,139,T.J. Bass,Oregon,IOL,2022-11-02,,,Oregon,Pac 12,5
231,187,Graham Barton,Duke,OT,2022-11-02,,,North Carolina,ACC,5
232,188,Khalan Laborn,Marshall,RB,2022-11-02,,,West Virginia,FBS - CUSA,5
233,137,Jarrick Bernard-Converse,LSU,CB,2022-11-02,,,Louisiana,SEC,5
234,129,Mike Jones Jr.,LSU,LB,2022-11-02,,,Louisiana,SEC,5
235,219,Quindell Johnson,Memphis,S,2022-11-02,,,Tennessee,FBS - AAC,5
236,103,D.J. Dale,Alabama,DL,2022-11-02,,,Alabama,SEC,5
237,189,Ji'Ayir Brown,Penn State,S,2022-11-02,,,Pennsylvania,Big Ten,5
238,49,Sam Hartman,Wake Forest,QB,2022-11-02,,,North Carolina,ACC,5
239,191,Keylon Stokes,Tulsa,WR,2022-11-02,,,Oklahoma,FBS - AAC,5
240,224,Courtland Ford,USC,OT,2022-11-02,,,California,Pac 12,5
241,226,Durell Nchami,Maryland,LB,2022-11-02,,,Maryland,Big Ten,5
242,228,Jermayne Lole,Louisville,DL,2022-11-02,,,Kentucky,ACC,5
243,149,Robert Beal Jr.,Georgia,EDGE,2022-11-02,,,Georgia,SEC,5
244,231,Joseph Ngata,Clemson,WR,2022-11-02,,,South Carolina,ACC,5
245,219,Laiatu Latu,UCLA,LB,2022-11-02,,,California,Pac 12,5
246,197,Isaiah Davis,South Dakota State,RB,2022-11-02,,,South Dakota,FCS,5
247,234,Trace Ford,Oklahoma State,EDGE,2022-11-02,,,Oklahoma,Big 12,5
248,235,Kingsley Eguakun,Florida,IOL,2022-11-02,,,Florida,SEC,5
249,222,Fabien Lovett,Florida State,DL,2022-11-02,,,Florida,ACC,5
250,163,Nathaniel Dell,Houston,WR,2022-11-02,,,Texas,FBS - AAC,5
251,147,Mikel Jones,Syracuse,LB,2022-11-02,,,New York,ACC,2
252,95,Eyabi Anoma,Michigan,EDGE,2022-11-02,,,Michigan,Big Ten,2
253,201,Michael Jurgens,Wake Forest,IOL,2022-11-02,,,North Carolina,ACC,2
254,125,DeMarcco Hellams,Alabama,S,2022-11-02,,,Alabama,SEC,2
255,204,Shaka Heyward,Duke,LB,2022-11-02,,,North Carolina,ACC,2
256,207,Delmar Glaze,Maryland,IOL,2022-11-02,,,Maryland,Big Ten,2
257,130,Ronnie Bell,Michigan,WR,2022-11-02,,,Michigan,Big Ten,2
258,120,Dee Winters,TCU,LB,2022-11-02,,,Texas,Big 12,2
259,209,Harrison Mevis,Missouri,K,2022-11-02,,,Missouri,SEC,2
260,211,Rejzohn Wright,Oregon State,CB,2022-11-02,,,Oregon,Pac 12,2
261,83,Keondre Coburn,Texas,DL,2022-11-02,,,Texas,Big 12,2
262,107,Jalen Cropper,Fresno State,WR,2022-11-02,,,California,FBS - Mountain West,2
263,216,Daniel Scott,California,S,2022-11-02,,,California,Pac 12,2
264,127,Keytaon Thompson,Virginia,WR,2022-11-02,,,Virginia,ACC,2
265,181,Jalen Redmond,Oklahoma,DL,2022-11-02,,,Oklahoma,Big 12,2
266,128,Eku Leota,Auburn,EDGE,2022-11-02,,,Alabama,SEC,2
267,110,Justin Eboigbe,Alabama,DL,2022-11-02,,,Alabama,SEC,2
268,89,Jake Haener,Fresno State,QB,2022-11-02,,,California,FBS - Mountain West,2
269,116,Jordan McFadden,Clemson,IOL,2022-11-02,,,South Carolina,ACC,2
270,223,Isaiah Land,Florida A&M,EDGE,2022-11-02,,,Florida,FCS,2
271,224,Jakorian Bennett,Maryland,CB,2022-11-02,,,Maryland,Big Ten,2
272,135,Anthony Johnson,Virginia,CB,2022-11-02,,,Virginia,ACC,2
273,226,Darrell Luter Jr.,South Alabama,CB,2022-11-02,,,Alabama,FBS - Sun Belt,2
274,227,Zack Kuntz,Old Dominion,TE,2022-11-02,,,Virginia,FBS - CUSA,2
275,65,Travis Dye,USC,RB,2022-11-02,,,California,Pac 12,2
276,232,Hunter Luepke,North Dakota State,RB,2022-11-02,,,North Dakota,FCS,2
277,233,Jeremy Banks,Tennessee,LB,2022-11-02,,,Tennessee,SEC,2
278,234,Antwane Wells Jr.,James Madison,WR,2022-11-02,,,Virginia,FCS,2
279,237,Evan Hull,Northwestern,RB,2022-11-02,,,Illinois,Big Ten,2
280,238,McCallan Castles,UC Davis,TE,2022-11-02,,,California,FCS,2
281,108,Jake Moody,Michigan,K,2022-11-02,,,Michigan,Big Ten,2
282,242,Rasheen Ali,Marshall,RB,2022-11-02,,,West Virginia,FBS - CUSA,2
283,111,Bralen Trice,Washington,EDGE,2022-11-02,,,Washington,Pac 12,2
284,155,Jadon Haselwood,Arkansas,WR,2022-11-02,,,Arkansas,SEC,2
285,187,Kobie Turner,Wake Forest,DL,2022-11-02,,,North Carolina,ACC,2
286,248,Lew Nichols III,Central Michigan,RB,2022-11-02,,,Michigan,FBS - MAC,2
287,249,Konata Mumpfield,Pitt,WR,2022-11-02,,,Pennsylvania,ACC,2
288,166,Dante Stills,West Virginia,DL,2022-11-02,,,West Virginia,Big 12,2
289,87,Cameron Brown,Ohio State,CB,2022-11-02,,,Ohio,Big Ten,2
290,252,Tory Taylor,Iowa,P,2022-11-02,,,Iowa,Big Ten,2
291,169,Javon Foster,Missouri,OT,2022-11-02,,,Missouri,SEC,2
292,254,Benjamin Yurosek,Stanford,TE,2022-11-02,,,California,Pac 12,2
293,255,Zach Frazier,West Virginia,IOL,2022-11-02,,,West Virginia,Big 12,2
294,173,Trevor Reid,Louisville,OT,2022-11-02,,,Kentucky,ACC,2
295,189,Kendall Milton,Georgia,RB,2022-11-02,,,Georgia,SEC,2
296,259,A.J. Finley,Ole Miss,S,2022-11-02,,,Mississippi,SEC,2
297,179,Caleb Chandler,Louisville,OT,2022-11-02,,,Kentucky,ACC,2
298,182,Xazavian Valladay,Arizona State,RB,2022-11-02,,,Arizona,Pac 12,2
299,263,Charlie Thomas,Georgia Tech,LB,2022-11-02,,,Georgia,ACC,2
300,184,Isaiah McGuire,Missouri,DL,2022-11-02,,,Missouri,SEC,2
301,100,Spencer Sanders,Oklahoma State,QB,2022-11-02,,,Oklahoma,Big 12,1
302,112,SirVocea Dennis,Pitt,LB,2022-11-02,,,Pennsylvania,ACC,1
303,186,McClendon Curtis,Chattanooga,IOL,2022-11-02,,,Tennessee,FCS,1
304,102,Tatum Bethune,Florida State,LB,2022-11-02,,,Florida,ACC,1
305,270,Kearis Jackson,Georgia,WR,2022-11-02,,,Georgia,SEC,1
306,70,Cameron Rising,Utah,QB,2022-11-02,,,Utah,Pac 12,1
307,273,Andrei Iosivas,Princeton,WR,2022-11-02,,,New Jersey,FCS,1
308,274,Tommy Eichenberg,Ohio State,LB,2022-11-02,,,Ohio,Big Ten,1
309,275,Kendre Miller,TCU,RB,2022-11-02,,,Texas,Big 12,1
310,190,Bryce Ford-Wheaton,West Virginia,WR,2022-11-02,,,West Virginia,Big 12,1
311,192,Grayson Murphy,UCLA,EDGE,2022-11-02,,,California,Pac 12,1
312,279,Xavier Gipson,Stephen F. Austin,WR,2022-11-02,,,Texas,FCS,1
313,196,D.J. Scaife Jr.,Miami (FL),IOL,2022-11-02,,,Florida,ACC,1
314,281,Kaevon Merriweather,Iowa,S,2022-11-02,,,Iowa,Big Ten,1
315,197,Tyson Bagent,Shepherd,QB,2022-11-02,,,West Virginia,D2,1
316,199,Steven Gilmore,Marshall,CB,2022-11-02,,,West Virginia,FBS - CUSA,1
317,285,Noah Gindorff,North Dakota State,TE,2022-11-02,,,North Dakota,FCS,1
318,198,Alfred Collins,Texas,EDGE,2022-11-02,,,Texas,Big 12,1
319,122,Shyheim Battle,NC State,CB,2022-11-02,,,North Carolina,ACC,1
320,289,Payne Durham,Purdue,TE,2022-11-02,,,Indiana,Big Ten,1
321,291,Chad Ryland,Maryland,K,2022-11-02,,,Maryland,Big Ten,1
322,293,Mason Brooks,Ole Miss,IOL,2022-11-02,,,Mississippi,SEC,1
323,160,Justin Rogers,Kentucky,DL,2022-11-02,,,Kentucky,SEC,1
324,91,Ladarius Henderson,Arizona State,IOL,2022-11-02,,,Arizona,Pac 12,1
325,295,Austin Stogner,South Carolina,TE,2022-11-02,,,South Carolina,SEC,1
326,296,Alex Ward,UCF,LS,2022-11-02,,,Florida,FBS - AAC,1
327,298,D'Shawn Jamison,Texas,CB,2022-11-02,,,Texas,Big 12,1
328,299,Brant Kuithe,Utah,TE,2022-11-02,,,Utah,Pac 12,1
329,300,Adam Korsak,Rutgers,P,2022-11-02,,,New Jersey,Big Ten,1
330,301,Keion White,Georgia Tech,DL,2022-11-02,,,Georgia,ACC,1
331,33,Phil Jurkovec,Boston College,QB,2022-11-02,,,Massachusetts,ACC,1
332,53,Payton Wilson,NC State,EDGE,2022-11-02,,,North Carolina,ACC,1
333,243,Roman Wilson,Michigan,WR,2022-11-02,,,Michigan,Big Ten,1
334,122,D.J. Johnson,Oregon,LB,2022-11-02,,,Oregon,Pac 12,1
335,96,Dâ€™Anthony Jones,Houston,DL,2022-11-02,,,Texas,FBS - AAC,1
336,306,YaYa Diaby,Louisville,DL,2022-11-02,,,Kentucky,ACC,1
337,307,Walter Rouse,Stanford,OT,2022-11-02,,,California,Pac 12,1
338,308,Alex Forsyth,Oregon,IOL,2022-11-02,,,Oregon,Pac 12,1
339,309,Eli Cox,Kentucky,IOL,2022-11-02,,,Kentucky,SEC,1
340,310,Patrick McMorris,San Diego State,S,2022-11-02,,,California,FBS - Mountain West,1
341,311,Jordan Wright,Kentucky,EDGE,2022-11-02,,,Kentucky,SEC,1
342,230,Aki Ogunbiyi,Texas A&M,IOL,2022-11-02,,,Texas,SEC,1
343,313,Montrae Braswell,Missouri State,CB,2022-11-02,,,Missouri,FCS,1
344,314,Darius Muasau,UCLA,LB,2022-11-02,,,California,Pac 12,1
345,315,Jake Andrews,Troy,IOL,2022-11-02,,,Alabama,FBS - Sun Belt,1
346,279,Jaylon Carlies,Missouri,S,2022-11-02,,,Missouri,SEC,1
347,76,Julian Fleming,Ohio State,WR,2022-11-02,,,Ohio,Big Ten,1
348,118,Jahleel Billingsley,Texas,TE,2022-11-02,,,Texas,Big 12,1
349,317,Otis Reese,Ole Miss,S,2022-11-02,,,Mississippi,SEC,1
350,323,De'Corian Clark,UTSA,WR,2022-11-02,,,Texas,FBS - CUSA,1
351,345,Cory Trice,Purdue,CB,2022-11-02,,,Indiana,Big Ten,1
352,347,Keilahn Harris,Oklahoma Baptist,WR,2022-11-02,,,Oklahoma,D2,1
353,318,Quavian White,Georgia State,CB,2022-11-02,,,Georgia,FBS - Sun Belt,1
354,347,Jordan Domineck,Arkansas,DL,2022-11-02,,,Arkansas,SEC,1
355,328,Viliami Fehoko,San Jose State,EDGE,2022-11-02,,,California,FBS - Mountain West,1
356,326,Ja'Von Hicks,Cincinnati,S,2022-11-02,,,Ohio,FBS - AAC,1
357,326,Christian Izien,Rutgers,S,2022-11-02,,,New Jersey,Big Ten,1
358,319,John Morgan III,Pitt,DL,2022-11-02,,,Pennsylvania,ACC,1
359,317,Malaesala Aumavae-Laulu,Oregon,OT,2022-11-02,,,Oregon,Pac 12,1
360,156,Matthew Jones,Ohio State,IOL,2022-11-02,,,Ohio,Big Ten,1
361,206,Trevor Downing,Iowa State,IOL,2022-11-02,,,Iowa,Big 12,1
362,323,Brandon Hill,Pitt,S,2022-11-02,,,Pennsylvania,ACC,1
363,165,Patrick Paul,Houston,OT,2022-11-02,,,Texas,FBS - AAC,1
364,154,Jeremy James,Ole Miss,OT,2022-11-02,,,Mississippi,SEC,1
365,327,Tre'mon Morris-Brash,UCF,EDGE,2022-11-02,,,Florida,FBS - AAC,1
366,330,Luke Schoonmaker,Michigan,TE,2022-11-02,,,Michigan,Big Ten,1
367,91,Tiawan Mullen,Indiana,CB,2022-11-02,,,Indiana,Big Ten,1
368,97,Key Lawrence,Oklahoma,S,2022-11-02,,,Oklahoma,Big 12,1
369,122,Kenderick Duncan Jr.,Louisville,S,2022-11-02,,,Kentucky,ACC,1
370,148,Jalon Daniels,Kansas,QB,2022-11-02,,,Kansas,Big 12,1
371,89,Spencer Rattler,South Carolina,QB,2022-11-02,,,South Carolina,SEC,1
372,95,Seth Benson,Iowa,LB,2022-11-02,,,Iowa,Big Ten,1
373,96,Dillon Doyle,Baylor,LB,2022-11-02,,,Texas,Big 12,1
374,101,Brock Martin,Oklahoma State,EDGE,2022-11-02,,,Oklahoma,Big 12,1
375,40,Avery Young,Rutgers,CB,2022-11-02,,,New Jersey,Big Ten,1
376,66,Stetson Bennett IV,Georgia,QB,2022-11-02,,,Georgia,SEC,1
377,69,Malik Cunningham,Louisville,QB,2022-11-02,,,Kentucky,ACC,1
378,117,Mekhi Blackmon,USC,CB,2022-11-02,,,California,Pac 12,1
379,123,Cory Durden,NC State,DL,2022-11-02,,,North Carolina,ACC,1
380,127,Cole Godbout,Wyoming,DL,2022-11-02,,,Wyoming,FBS - Mountain West,1
381,83,Payton Thorne,Michigan State,QB,2022-11-02,,,Michigan,Big Ten,1
382,84,Dillon Gabriel,Oklahoma,QB,2022-11-02,,,Oklahoma,Big 12,1
383,32,Edefuan Ulofoshio,Washington,LB,2022-11-02,,,Washington,Pac 12,1
384,131,Dalton Wagner,Arkansas,OT,2022-11-02,,,Arkansas,SEC,1
385,134,Jamal Hill,Oregon,S,2022-11-02,,,Oregon,Pac 12,1
386,138,Jaden Crumedy,Mississippi State,DL,2022-11-02,,,Mississippi,SEC,1
387,94,Drake Thomas,NC State,LB,2022-11-02,,,North Carolina,ACC,1
388,144,Seth McLaughlin,Alabama,IOL,2022-11-02,,,Alabama,SEC,1
389,146,Taylor Upshaw,Michigan,EDGE,2022-11-02,,,Michigan,Big Ten,1
390,148,Myles Jones,Texas A&M,CB,2022-11-02,,,Texas,SEC,1
391,122,Brennan Armstrong,Virginia,QB,2022-11-02,,,Virginia,ACC,1
392,101,Deshawn Pace,Cincinnati,LB,2022-11-02,,,Ohio,FBS - AAC,1
393,157,P.J. Mustipher,Penn State,DL,2022-11-02,,,Pennsylvania,Big Ten,1
394,159,Joe Foucha,LSU,S,2022-11-02,,,Louisiana,SEC,1
395,161,Jason Taylor II,Oklahoma State,S,2022-11-02,,,Oklahoma,Big 12,1
396,162,Stephan Blaylock,UCLA,S,2022-11-02,,,California,Pac 12,1
397,163,Nesta Jade Silvera,Arizona State,DL,2022-11-02,,,Arizona,Pac 12,1
398,165,Khris Bogle,Michigan State,EDGE,2022-11-02,,,Michigan,Big Ten,1
399,166,Merlin Robertson,Arizona State,LB,2022-11-02,,,Arizona,Pac 12,1
400,170,Eric Douglas,South Carolina,OT,2022-11-02,,,South Carolina,SEC,1
401,171,Michael Barrett,Michigan,S,2022-11-02,,,Michigan,Big Ten,1
402,173,Sheridan Jones,Clemson,CB,2022-11-02,,,South Carolina,ACC,1
403,177,Darrell Simmons Jr.,Iowa State,IOL,2022-11-02,,,Iowa,Big 12,1
404,178,Aaron Brule,Michigan State,LB,2022-11-02,,,Michigan,Big Ten,1
405,179,Sam Pinckney,Coastal Carolina,WR,2022-11-02,,,South Carolina,FCS,1
406,180,Camerun Peoples,Appalachian State,RB,2022-11-02,,,North Carolina,FBS - Sun Belt,1
407,181,Xavier Henderson,Michigan State,S,2022-11-02,,,Michigan,Big Ten,1
408,182,Luke Reimer,Nebraska,LB,2022-11-02,,,Nebraska,Big Ten,1
409,183,Al Blades Jr.,Miami (FL),CB,2022-11-02,,,Florida,ACC,1
410,119,Logan Brown,Wisconsin,OT,2022-11-02,,,Wisconsin,Big Ten,1
411,186,Mitchell Agude,Miami (FL),EDGE,2022-11-02,,,Florida,ACC,1
412,187,Alec Jackson,Auburn,OT,2022-11-02,,,Alabama,SEC,1
413,188,Trey Morrison,Oklahoma,S,2022-11-02,,,Oklahoma,Big 12,1
414,189,Justin Ford,Montana,CB,2022-11-02,,,Montana,FCS,1
415,192,Jaxon Player,Tulsa,DL,2022-11-02,,,Oklahoma,FBS - AAC,1
416,194,DaShaun White,Oklahoma,LB,2022-11-02,,,Oklahoma,Big 12,1
417,196,Alan Ali,TCU,IOL,2022-11-02,,,Texas,Big 12,1
418,197,Jerome Carvin,Tennessee,OT,2022-11-02,,,Tennessee,SEC,1
419,207,Akheem Mesidor,Miami (FL),DL,2022-11-02,,,Florida,ACC,1
420,54,Sincere Haynesworth,Tulane,IOL,2022-11-02,,,Louisiana,FBS - AAC,1
421,170,De'Jahn Warren,Jackson State,CB,2022-11-02,,,Mississippi,FCS,1
422,171,Demond Demas,Texas A&M,WR,2022-11-02,,,Texas,SEC,1
423,172,Dontae Manning,Oregon,CB,2022-11-02,,,Oregon,Pac 12,1
424,174,Jordan Burch,South Carolina,DL,2022-11-02,,,South Carolina,SEC,1
425,175,Sav'ell Smalls,Washington,LB,2022-11-02,,,Washington,Pac 12,1
426,176,Chris Braswell,Alabama,DL,2022-11-02,,,Alabama,SEC,1
427,177,Demarkcus Bowman,Florida,RB,2022-11-02,,,Florida,SEC,1
428,179,Chad Lindberg,Georgia,OT,2022-11-02,,,Georgia,SEC,1
429,180,Chris Morris,Texas A&M,IOL,2022-11-02,,,Texas,SEC,1
430,181,Demorie Tate,Florida State,CB,2022-11-02,,,Florida,ACC,1
431,182,Derek Wingo,Florida,LB,2022-11-02,,,Florida,SEC,1
432,183,Donell Harris Jr.,Texas A&M,EDGE,2022-11-02,,,Texas,SEC,1
433,184,E.J. Smith,Stanford,RB,2022-11-02,,,California,Pac 12,1
434,185,Jack Nelson,Wisconsin,OT,2022-11-02,,,Wisconsin,Big Ten,1
435,186,Jalen Rivers,Miami (FL),OT,2022-11-02,,,Florida,ACC,1
436,187,Jordan Johnson,Notre Dame,WR,2022-11-02,,,Indiana,FBS - Independent,1
437,188,Jordan Toles,LSU,S,2022-11-02,,,Louisiana,SEC,1
438,190,Myles Hinton,Stanford,OT,2022-11-02,,,California,Pac 12,1
439,191,Trey Wedig,Wisconsin,OT,2022-11-02,,,Wisconsin,Big Ten,1
440,192,Turner Corcoran,Nebraska,OT,2022-11-02,,,Nebraska,Big Ten,1
441,193,Desmond Evans,North Carolina,EDGE,2022-11-02,,,North Carolina,ACC,1
442,194,Jeff Sims,Georgia Tech,QB,2022-11-02,,,Georgia,ACC,1
443,195,Troy Omeire,Texas,WR,2022-11-02,,,Texas,Big 12,1
444,196,Fred Davis II,Clemson,CB,2022-11-02,,,South Carolina,ACC,1
445,197,Walker Parks,Clemson,OT,2022-11-02,,,South Carolina,ACC,1
446,200,Chantz Williams,Miami (FL),EDGE,2022-11-02,,,Florida,ACC,1
447,201,Chris Tyree,Notre Dame,RB,2022-11-02,,,Indiana,FBS - Independent,1
448,202,Cody Simon,Ohio State,LB,2022-11-02,,,Ohio,Big Ten,1
449,203,DeMonte Capehart,Clemson,DL,2022-11-02,,,South Carolina,ACC,1
450,204,DeaMonte Trayanum,Arizona State,RB,2022-11-02,,,Arizona,Pac 12,1
451,205,Demon Clowney,Ole Miss,EDGE,2022-11-02,,,Mississippi,SEC,1
452,206,Demouy Kennedy,Alabama,LB,2022-11-02,,,Alabama,SEC,1
453,207,Gee Scott Jr.,Ohio State,TE,2022-11-02,,,Ohio,Big Ten,1
454,208,Haynes King,Texas A&M,QB,2022-11-02,,,Texas,SEC,1
455,209,Hudson Card,Texas,QB,2022-11-02,,,Texas,Big 12,1
456,210,Ja'Qurious Conley,North Carolina,S,2022-11-02,,,North Carolina,ACC,1
457,211,Jalen Kimber,Florida,CB,2022-11-02,,,Florida,SEC,1
458,212,Jase McClellan,Alabama,RB,2022-11-02,,,Alabama,SEC,1
459,214,Ladarius Tennison,Ole Miss,S,2022-11-02,,,Mississippi,SEC,1
460,216,M.J. Sherman,Georgia,LB,2022-11-02,,,Georgia,SEC,1
461,217,Malcolm Greene,Clemson,S,2022-11-02,,,South Carolina,ACC,1
462,218,MarShawn Lloyd,South Carolina,RB,2022-11-02,,,South Carolina,SEC,1
463,219,McKinnley Jackson,Texas A&M,DL,2022-11-02,,,Texas,SEC,1
464,220,Reggie Grimes,Oklahoma,EDGE,2022-11-02,,,Oklahoma,Big 12,1
465,221,Rylie Mills,Notre Dame,EDGE,2022-11-02,,,Indiana,FBS - Independent,1
466,222,Stephen Dix Jr.,Florida State,LB,2022-11-02,,,Florida,ACC,1
467,223,Tate Ratledge,Georgia,OT,2022-11-02,,,Georgia,SEC,1
468,224,Theo Johnson,Penn State,TE,2022-11-02,,,Pennsylvania,Big Ten,1
469,225,Zykeivous Walker,Auburn,DL,2022-11-02,,,Alabama,SEC,1
470,226,Jayson Jones,Auburn,DL,2022-11-02,,,Alabama,SEC,1
471,227,Dwight McGlothern,Arkansas,CB,2022-11-02,,,Arkansas,SEC,1
472,231,E.J. Williams,Clemson,WR,2022-11-02,,,South Carolina,ACC,1
473,232,Andrew Gentry,Michigan,OT,2022-11-02,,,Michigan,Big Ten,1
474,235,Ruben Hyppolite II,Maryland,LB,2022-11-02,,,Maryland,Big Ten,1
475,236,R.J. Moten,Michigan,S,2022-11-02,,,Michigan,Big Ten,1
476,238,Traeshon Holden,Alabama,WR,2022-11-02,,,Alabama,SEC,1
477,239,Tyler Baron,Tennessee,DL,2022-11-02,,,Tennessee,SEC,1
478,240,Jaylen Harrell,Michigan,EDGE,2022-11-02,,,Michigan,Big Ten,1
479,245,Ajou Ajou,South Florida,WR,2022-11-02,,,Florida,FBS - AAC,1
480,246,T.J. Tampa,Iowa State,WR,2022-11-02,,,Iowa,Big 12,1
481,247,Chidozie Nwankwo,Houston,DL,2022-11-02,,,Texas,FBS - AAC,1
482,248,D.J. Graham,Oklahoma,CB,2022-11-02,,,Oklahoma,Big 12,1
483,128,Khari Coleman,Ole Miss,EDGE,2022-11-02,,,Mississippi,SEC,1
484,249,Tyler Grubbs,Louisiana Tech,LB,2022-11-02,,,Louisiana,FBS - CUSA,1
485,145,Willie Lampkin,Coastal Carolina,IOL,2022-11-02,,,South Carolina,FCS,1
486,251,Caelen Carson,Wake Forest,CB,2022-11-02,,,North Carolina,ACC,1
487,252,Clarence Lewis,Notre Dame,CB,2022-11-02,,,Indiana,FBS - Independent,1
488,253,Corey Rucker,Arkansas State,WR,2022-11-02,,,Arkansas,FBS - Sun Belt,1
489,254,Davonte Brown,UCF,CB,2022-11-02,,,Florida,FBS - AAC,1
490,256,Dorian Strong,Virginia Tech,CB,2022-11-02,,,Virginia,ACC,1
491,258,Jaden Walley,Mississippi State,WR,2022-11-02,,,Mississippi,SEC,1
492,259,Karon Prunty,South Carolina,CB,2022-11-02,,,South Carolina,SEC,1
493,260,Stefon Thompson,Syracuse,LB,2022-11-02,,,New York,ACC,1
494,261,Tre'Vez Johnson,Florida,S,2022-11-02,,,Florida,SEC,1
495,263,Micah Mazzccua,Baylor,OT,2022-11-02,,,Texas,Big 12,1
496,265,Brandon Thomas,Memphis,RB,2022-11-02,,,Tennessee,FBS - AAC,1
497,267,Jalen Berger,Michigan State,RB,2022-11-02,,,Michigan,Big Ten,1
498,268,Lukas Van Ness,Iowa,DL,2022-11-02,,,Iowa,Big Ten,1
499,281,DeVere Levelston,SMU,DL,2022-11-02,,,Texas,FBS - AAC,1
500,286,Kaimon Rucker,North Carolina,DL,2022-11-02,,,North Carolina,ACC,1
501,292,Nick Andersen,Wake Forest,S,2022-11-02,,,North Carolina,ACC,1
502,293,Marcel Brooks,TCU,WR,2022-11-02,,,Texas,Big 12,1
503,294,Theo Wease,Oklahoma,WR,2022-11-02,,,Oklahoma,Big 12,1
504,295,Bo Nix,Oregon,QB,2022-11-02,,,Oregon,Pac 12,1
505,296,Bru McCoy,Tennessee,WR,2022-11-02,,,Tennessee,SEC,1
506,297,John Emery Jr.,LSU,RB,2022-11-02,,,Louisiana,SEC,1
507,299,Caedan Wallace,Penn State,OT,2022-11-02,,,Pennsylvania,Big Ten,1
508,300,Hank Bachmeier,Boise State,QB,2022-11-02,,,Idaho,FBS - Mountain West,1
509,301,Jirehl Brock,Iowa State,RB,2022-11-02,,,Iowa,Big 12,1
510,302,Keilan Robinson,Alabama,RB,2022-11-02,,,Alabama,SEC,1
511,303,Nathan Pickering,Mississippi State,DL,2022-11-02,,,Mississippi,SEC,1
512,304,Pierce Quick,Georgia Tech,OT,2022-11-02,,,Georgia,ACC,1
513,305,Tayvion Robinson,Kentucky,WR,2022-11-02,,,Kentucky,SEC,1
514,306,Trejan Bridges,Oklahoma,WR,2022-11-02,,,Oklahoma,Big 12,1
515,307,Trey Knox,Arkansas,WR,2022-11-02,,,Arkansas,SEC,1
516,308,Zeke Correll,Notre Dame,IOL,2022-11-02,,,Indiana,FBS - Independent,1
517,309,Warren McClendon,Georgia,OT,2022-11-02,,,Georgia,SEC,1
518,162,Kevin Harris,South Carolina,RB,2022-11-02,,,South Carolina,SEC,1
519,310,Mycah Pittman,Florida State,WR,2022-11-02,,,Florida,ACC,1
520,312,Jayden Daniels,LSU,QB,2022-11-02,,,Louisiana,SEC,1
521,313,Frank Ladson Jr.,Miami (FL),WR,2022-11-02,,,Florida,ACC,1
522,315,Eugene Asante,Auburn,LB,2022-11-02,,,Alabama,SEC,1
523,318,Tiyon Evans,Louisville,RB,2022-11-02,,,Kentucky,ACC,1
524,319,Marcus Banks,Mississippi State,CB,2022-11-02,,,Mississippi,SEC,1
525,320,Woodi Washington,Oklahoma,CB,2022-11-02,,,Oklahoma,Big 12,1
526,321,Noah Cain,LSU,RB,2022-11-02,,,Louisiana,SEC,1
527,324,Austin Jones,USC,RB,2022-11-02,,,California,Pac 12,1
528,326,Max Duggan,TCU,QB,2022-11-02,,,Texas,Big 12,1
529,327,Graham Mertz,Wisconsin,QB,2022-11-02,,,Wisconsin,Big Ten,1
530,328,Taulia Tagovailoa,Maryland,QB,2022-11-02,,,Maryland,Big Ten,1
531,329,Dominick Blaylock,Georgia,WR,2022-11-02,,,Georgia,SEC,1
532,331,Baylor Cupp,Texas Tech,TE,2022-11-02,,,Texas,Big 12,1
533,333,Darrian Dalcourt,Alabama,IOL,2022-11-02,,,Alabama,SEC,1
534,334,Doug Nester,West Virginia,IOL,2022-11-02,,,West Virginia,Big 12,1
535,335,Bryan Hudson,Louisville,IOL,2022-11-02,,,Kentucky,ACC,1
536,338,David Ugwoegbu,Oklahoma,LB,2022-11-02,,,Oklahoma,Big 12,1
537,339,Mase Funa,Oregon,LB,2022-11-02,,,Oregon,Pac 12,1
538,340,Shane Lee,USC,LB,2022-11-02,,,California,Pac 12,1
539,343,Puka Nacua,BYU,WR,2022-11-02,,,Utah,FBS - Independent,1
540,349,Jahfari Harvey,Miami (FL),DL,2022-11-02,,,Florida,ACC,1
541,351,Zion Logue,Georgia,DL,2022-11-02,,,Georgia,SEC,1
542,352,Cam'Ron Kelly,North Carolina,S,2022-11-02,,,North Carolina,ACC,1
543,358,C.J. Johnson,East Carolina,WR,2022-11-02,,,North Carolina,FBS - AAC,1
544,359,Easton Dean,Iowa State,TE,2022-11-02,,,Iowa,Big 12,1
545,360,Grant Gunnell,North Texas,QB,2022-11-02,,,Texas,FBS - CUSA,1
546,361,Isheem Young,Ole Miss,S,2022-11-02,,,Mississippi,SEC,1
547,362,David Spaulding,South Carolina,CB,2022-11-02,,,South Carolina,SEC,1
548,363,Jared Harrison-Hunte,Miami (FL),DL,2022-11-02,,,Florida,ACC,1
549,365,Maurice Smith,Florida State,IOL,2022-11-02,,,Florida,ACC,1
550,367,Kenny Logan Jr.,Kansas,S,2022-11-02,,,Kansas,Big 12,1
551,121,Kedon Slovis,Pitt,QB,2022-11-02,,,Pennsylvania,ACC,1
552,368,Nick Figueroa,USC,EDGE,2022-11-02,,,California,Pac 12,1
553,369,Dell Pettus,Troy,S,2022-11-02,,,Alabama,FBS - Sun Belt,1
554,370,Rashad Wisdom,UTSA,S,2022-11-02,,,Texas,FBS - CUSA,1
555,374,Zach Calzada,Auburn,QB,2022-11-02,,,Alabama,SEC,1
556,375,McKade Mettauer,Oklahoma,IOL,2022-11-02,,,Oklahoma,Big 12,1
557,377,Josh DeBerry,Boston College,CB,2022-11-02,,,Massachusetts,ACC,1
558,378,Rodrigues Clark,Memphis,RB,2022-11-02,,,Tennessee,FBS - AAC,1
559,382,T'Vondre Sweat,Texas,DL,2022-11-02,,,Texas,Big 12,1
560,383,Nick Jackson,Virginia,LB,2022-11-02,,,Virginia,ACC,1
561,384,Omar Speights,Oregon State,LB,2022-11-02,,,Oregon,Pac 12,1
562,385,Dorian Williams,Tulane,LB,2022-11-02,,,Louisiana,FBS - AAC,1
563,389,Caleb Johnson,Miami (FL),LB,2022-11-02,,,Florida,ACC,1
564,167,Jalen Graham,Purdue,S,2022-11-02,,,Indiana,Big Ten,1
565,396,Will Reichard,Alabama,K,2022-11-02,,,Alabama,SEC,1
566,401,Gabriel Murphy,UCLA,EDGE,2022-11-02,,,California,Pac 12,1
567,409,A.J. Woods,Pitt,CB,2022-11-02,,,Pennsylvania,ACC,1
568,410,Raymond Vohasek,North Carolina,DL,2022-11-02,,,North Carolina,ACC,1
569,411,Anfernee Orji,Vanderbilt,LB,2022-11-02,,,Tennessee,SEC,1
570,434,Damon Miller,UAB,S,2022-11-02,,,Alabama,FBS - CUSA,1
571,438,Jacob Dobbs,Holy Cross,LB,2022-11-02,,,Massachusetts,FCS,1
572,150,J.T. Daniels,West Virginia,QB,2022-11-02,,,West Virginia,Big 12,1
573,446,Taron Vincent,Ohio State,DL,2022-11-02,,,Ohio,Big Ten,1
574,447,Tyreke Johnson,Nebraska,CB,2022-11-02,,,Nebraska,Big Ten,1
575,448,Palaie Gaoteote IV,Ohio State,LB,2022-11-02,,,Ohio,Big Ten,1
576,451,Richard Jibunor,Troy,LB,2022-11-02,,,Alabama,FBS - Sun Belt,1
577,452,Lyn-J Dixon,West Virginia,RB,2022-11-02,,,West Virginia,Big 12,1
578,453,Robert Cooper,Florida State,DL,2022-11-02,,,Florida,ACC,1
579,454,Ayodele Adeoye,Texas,LB,2022-11-02,,,Texas,Big 12,1
580,455,Dallas Gant,Toledo,LB,2022-11-02,,,Ohio,FBS - MAC,1
581,456,Emory Jones,Arizona State,QB,2022-11-02,,,Arizona,Pac 12,1
582,457,Jacob Copeland,Maryland,WR,2022-11-02,,,Maryland,Big Ten,1
583,458,Amari Gainer,Florida State,EDGE,2022-11-02,,,Florida,ACC,1
584,460,Tanner Mordecai,SMU,QB,2022-11-02,,,Texas,FBS - AAC,1
585,461,Shaun Shivers,Indiana,RB,2022-11-02,,,Indiana,Big Ten,1
586,465,Tyler Shough,Texas Tech,QB,2022-11-02,,,Texas,Big 12,1
587,466,Dorian Thompson-Robinson,UCLA,QB,2022-11-02,,,California,Pac 12,1
588,467,Dylan Wonnum,South Carolina,OT,2022-11-02,,,South Carolina,SEC,1
589,475,Xavier Williams,Utah State,WR,2022-11-02,,,Utah,FBS - Mountain West,1
590,476,Luke Matthews,Texas A&M,IOL,2022-11-02,,,Texas,SEC,1
591,478,Sevyn Banks,LSU,CB,2022-11-02,,,Louisiana,SEC,1
592,479,Jalen Green,Mississippi State,CB,2022-11-02,,,Mississippi,SEC,1
593,172,Chamarri Conner,Virginia Tech,S,2022-11-02,,,Virginia,ACC,1
594,481,Teradja Mitchell,Ohio State,LB,2022-11-02,,,Ohio,Big Ten,1
595,482,Amari Burney,Florida,S,2022-11-02,,,Florida,SEC,1
596,484,Bo Bauer,Notre Dame,LB,2022-11-02,,,Indiana,FBS - Independent,1
597,485,Leonard Taylor,Cincinnati,TE,2022-11-02,,,Ohio,FBS - AAC,1
598,487,Nick Tarburton,Penn State,EDGE,2022-11-02,,,Pennsylvania,Big Ten,1
599,488,Chris Murray,Oklahoma,IOL,2022-11-02,,,Oklahoma,Big 12,1
600,489,Josh Vann,South Carolina,WR,2022-11-02,,,South Carolina,SEC,1
601,492,Micah Baskerville,LSU,LB,2022-11-02,,,Louisiana,SEC,1
602,498,Braelen Oliver,Minnesota,EDGE,2022-11-02,,,Minnesota,Big Ten,1
603,499,Sean Shaw Jr.,Iowa State,WR,2022-11-02,,,Iowa,Big 12,1
604,501,BeeJay Williamson,Louisiana Tech,S,2022-11-02,,,Louisiana,FBS - CUSA,1
605,505,Dee Wiggins,Louisville,WR,2022-11-02,,,Kentucky,ACC,1
606,509,Trajan Jeffcoat,Missouri,EDGE,2022-11-02,,,Missouri,SEC,1
607,511,Pat Fields,Stanford,S,2022-11-02,,,California,Pac 12,1
608,512,Tanner McCalister,Ohio State,S,2022-11-02,,,Ohio,Big Ten,1
609,515,Noah Taylor,North Carolina,LB,2022-11-02,,,North Carolina,ACC,1
610,516,R.J. Roderick,South Carolina,S,2022-11-02,,,South Carolina,SEC,1
611,517,Jackson Sirmon,California,LB,2022-11-02,,,California,Pac 12,1
612,520,Spencer Petras,Iowa,QB,2022-11-02,,,Iowa,Big Ten,1
613,524,Jyaire Shorter,North Texas,WR,2022-11-02,,,Texas,FBS - CUSA,1
614,525,Jaylon Robinson,Ole Miss,WR,2022-11-02,,,Mississippi,SEC,1
615,526,Victor Curne,Washington,OT,2022-11-02,,,Washington,Pac 12,1
616,527,Jarrett Kingston,Washington State,IOL,2022-11-02,,,Washington,Pac 12,1
617,528,Darnell Jefferies,Clemson,DL,2022-11-02,,,South Carolina,ACC,1
618,529,Jerrod Clark,Coastal Carolina,DL,2022-11-02,,,South Carolina,FCS,1
619,532,Jake Venables,Clemson,LB,2022-11-02,,,South Carolina,ACC,1
620,534,Teja Young,Florida Atlantic,S,2022-11-02,,,Florida,FBS - CUSA,1
621,536,Jarek Broussard,Michigan State,RB,2022-11-02,,,Michigan,Big Ten,1
622,537,Marcus Hooker,Ohio State,S,2022-11-02,,,Ohio,Big Ten,1
623,538,A.J. Hampton,Northwestern,CB,2022-11-02,,,Illinois,Big Ten,1
624,539,Armani Chatman,Virginia Tech,CB,2022-11-02,,,Virginia,ACC,1
625,170,Donovan Jennings,South Florida,OT,2022-11-02,,,Florida,FBS - AAC,1
626,541,Chandler Jones,Louisville,CB,2022-11-02,,,Kentucky,ACC,1
627,544,Cam Jones,Indiana,LB,2022-11-02,,,Indiana,Big Ten,1
628,545,Randy Charlton,Mississippi State,EDGE,2022-11-02,,,Mississippi,SEC,1
629,169,Aaron Frost,Nevada,IOL,2022-11-02,,,Nevada,FBS - Mountain West,1
630,174,Christian Jones,Texas,OT,2022-11-02,,,Texas,Big 12,1
631,149,Ben Sims,Baylor,TE,2022-11-02,,,Texas,Big 12,1
632,131,Kavosiey Smoke,Kentucky,RB,2022-11-02,,,Kentucky,SEC,1
633,549,Christian Morgan,Baylor,S,2022-11-02,,,Texas,Big 12,1
634,550,Campbell Barrington,BYU,IOL,2022-11-02,,,Utah,FBS - Independent,1
635,54,Jacob Slade,Michigan State,DL,2022-11-02,,,Michigan,Big Ten,1
636,553,Nathaniel Watson,Mississippi State,LB,2022-11-02,,,Mississippi,SEC,1
637,554,Keshawn Banks,San Diego State,EDGE,2022-11-02,,,California,FBS - Mountain West,1
638,555,Jaylon Thomas,SMU,IOL,2022-11-02,,,Texas,FBS - AAC,1
639,556,SaRodorick Thompson,Texas Tech,RB,2022-11-02,,,Texas,Big 12,1
640,557,Rondell Bothroyd,Wake Forest,DL,2022-11-02,,,North Carolina,ACC,1
641,564,Adonis Boone,Louisville,OT,2022-11-02,,,Kentucky,ACC,1
642,565,Clayton Tune,Houston,QB,2022-11-02,,,Texas,FBS - AAC,1
643,570,Jeffery Johnson,Oklahoma,DL,2022-11-02,,,Oklahoma,Big 12,1
644,594,D'Jordan Strong,Coastal Carolina,CB,2022-11-02,,,South Carolina,FCS,1
645,596,Justin Wright,Tulsa,LB,2022-11-02,,,Oklahoma,FBS - AAC,1
646,597,Hayes Maples,Southern Miss,LB,2022-11-02,,,Mississippi,FBS - CUSA,1
647,163,Cade Hall,San Jose State,EDGE,2022-11-02,,,California,FBS - Mountain West,1
648,599,Cooper Hodges,Appalachian State,IOL,2022-11-02,,,North Carolina,FBS - Sun Belt,1
649,602,Lance Boykin,Coastal Carolina,CB,2022-11-02,,,South Carolina,FCS,1
650,77,Michael Turk,Oklahoma,P,2022-11-02,,,Oklahoma,Big 12,1
651,610,Charles Woods,West Virginia,CB,2022-11-02,,,West Virginia,Big 12,1
652,614,Sean Clifford,Penn State,QB,2022-11-02,,,Pennsylvania,Big Ten,1
653,615,Josh Lugg,Notre Dame,OT,2022-11-02,,,Indiana,FBS - Independent,1
654,617,Isaac Slade-Matautia,SMU,LB,2022-11-02,,,Texas,FBS - AAC,1
655,618,Todd Harris Jr.,LSU,S,2022-11-02,,,Louisiana,SEC,1
656,164,Kemore Gamble,UCF,TE,2022-11-02,,,Florida,FBS - AAC,1
657,622,Chris Autman-Bell,Minnesota,WR,2022-11-02,,,Minnesota,Big Ten,1
658,624,Tanner Morgan,Minnesota,QB,2022-11-02,,,Minnesota,Big Ten,1
659,625,Corey Gaynor,North Carolina,IOL,2022-11-02,,,North Carolina,ACC,1
660,626,Isaiah Moore,NC State,LB,2022-11-02,,,North Carolina,ACC,1
661,632,Deslin Alexandre,Pitt,DL,2022-11-02,,,Pennsylvania,ACC,1
662,635,Ameer Speed,Michigan State,CB,2022-11-02,,,Michigan,Big Ten,1
663,636,Isaac Rex,BYU,TE,2022-11-02,,,Utah,FBS - Independent,1
664,638,Caden McDonald,San Diego State,LB,2022-11-02,,,California,FBS - Mountain West,1
665,639,Gleson Sprewell,Houston,S,2022-11-02,,,Texas,FBS - AAC,1
666,640,Brandon Pili,USC,DL,2022-11-02,,,California,Pac 12,1
667,641,JaTarvious Whitlow,Western Illinois,RB,2022-11-02,,,Illinois,FCS,1
668,642,Jordan Reid,Michigan State,IOL,2022-11-02,,,Michigan,Big Ten,1
669,644,Jay Shaw,Wisconsin,CB,2022-11-02,,,Wisconsin,Big Ten,1
670,646,Terrance Lang,Colorado,DL,2022-11-02,,,Colorado,Pac 12,1
671,648,Tyler Beach,Wisconsin,OT,2022-11-02,,,Wisconsin,Big Ten,1
672,649,Marcus Valdez,Boston College,DL,2022-11-02,,,Massachusetts,ACC,1
673,650,Gabe Houy,Pitt,IOL,2022-11-02,,,Pennsylvania,ACC,1
674,651,B.J. Thompson,Stephen F. Austin,EDGE,2022-11-02,,,Texas,FCS,1
675,657,Travis Vokolek,Nebraska,TE,2022-11-02,,,Nebraska,Big Ten,1
676,659,Derek Parish,Houston,DL,2022-11-02,,,Texas,FBS - AAC,1
677,662,Elijah Cooks,San Jose State,WR,2022-11-02,,,California,FBS - Mountain West,1
678,665,Jason Brown,Virginia Tech,QB,2022-11-02,,,Virginia,ACC,1
679,666,Jordan Strachan,South Carolina,EDGE,2022-11-02,,,South Carolina,SEC,1
680,667,Noah Ruggles,Ohio State,K,2022-11-02,,,Ohio,Big Ten,1
681,669,James Patterson,Buffalo,LB,2022-11-02,,,New York,FBS - MAC,1
682,670,Bralen Trahan,Louisiana-Lafayette,S,2022-11-02,,,Louisiana,FBS - Sun Belt,1
683,671,Ifeanyi Maijeh,Rutgers,DL,2022-11-02,,,New Jersey,Big Ten,1
684,147,Dontae Bull,Fresno State,OT,2022-11-02,,,California,FBS - Mountain West,1
685,672,Jacob Gall,Baylor,IOL,2022-11-02,,,Texas,Big 12,1
686,673,Sidy Sow,Eastern Michigan,OT,2022-11-02,,,Michigan,FBS - MAC,1
687,677,Carlton Martial,Troy,LB,2022-11-02,,,Alabama,FBS - Sun Belt,1
688,57,Kyler Schott,Iowa,IOL,2022-11-02,,,Iowa,Big Ten,1
689,680,Bryce Baringer,Michigan State,P,2022-11-02,,,Michigan,Big Ten,1
690,681,Mykel Jones,Tulane,WR,2022-11-02,,,Louisiana,FBS - AAC,1
691,682,Tashawn Manning,Kentucky,IOL,2022-11-02,,,Kentucky,SEC,1
692,171,Jaydon Grant,Oregon State,CB,2022-11-02,,,Oregon,Pac 12,1
693,685,Timothy Smith,Alabama,DL,2022-11-02,,,Alabama,SEC,1
694,686,Will Putnam,Clemson,IOL,2022-11-02,,,South Carolina,ACC,1
695,687,Durrell Johnson,Liberty,EDGE,2022-11-02,,,Virginia,FCS,1
696,688,Dom Peterson,Nevada,DL,2022-11-02,,,Nevada,FBS - Mountain West,1
697,689,Duece Watts,Tulane,WR,2022-11-02,,,Louisiana,FBS - AAC,1
698,696,Ty Scott,Missouri State,WR,2022-11-02,,,Missouri,FCS,1
699,699,Mark Evans II,Arkansas-Pine Bluff,OT,2022-11-02,,,Arkansas,FCS,1
